dim,tile_a,tile_b,tile_ratio,grid_blocks,registers_per_thread,local_bytes_per_thread,shared_bytes_per_block,wall_ms,event_median_ms,gflops
1024,64,8,4,2048,46,0,128,1.040894,1.039392,2066.096006
1024,64,8,8,2048,44,0,256,1.064027,0.898048,2391.279405
1024,64,8,16,2048,44,0,512,1.288189,0.835584,2570.039262
1024,64,16,4,1024,56,0,256,0.872685,0.734208,2924.898236
1024,64,16,8,1024,50,0,512,0.915261,0.707808,3033.991696
1024,64,16,16,1024,52,0,1024,1.104379,0.675008,3181.419556
1024,64,32,4,512,78,0,512,1.366488,0.703488,3052.623032
1024,64,32,8,512,65,0,1024,0.833824,0.620544,3460.646773
1024,64,32,16,512,65,0,2048,0.788628,0.620736,3459.576435
1024,64,64,4,256,104,0,1024,0.804634,0.909472,2361.242209
1024,64,64,8,256,104,0,2048,0.732306,0.736256,2916.762156
1024,64,64,16,256,104,0,4096,0.927867,0.747520,2872.810845
1024,128,8,4,1024,46,0,128,1.147894,1.031168,2082.574014
1024,128,8,8,1024,44,0,256,1.798489,0.853056,2517.400515
1024,128,8,16,1024,44,0,512,1.488953,0.796672,2695.568169
1024,128,16,4,512,56,0,256,1.167356,0.706688,3038.800274
1024,128,16,8,512,50,0,512,0.993836,0.662528,3241.347864
1024,128,16,16,512,52,0,1024,0.645023,0.644096,3334.104841
1024,128,32,4,256,78,0,512,0.985873,0.653312,3287.071962
1024,128,32,8,256,65,0,1024,0.946436,0.606048,3543.421793
1024,128,32,16,256,65,0,2048,1.057903,0.582656,3685.679977
1024,128,64,4,128,104,0,1024,1.281526,0.892928,2404.990814
1024,128,64,8,128,104,0,2048,1.191811,0.707584,3034.952142
1024,128,64,16,128,104,0,4096,1.055730,0.671744,3196.878101
1024,256,8,4,512,46,0,128,1.110042,1.144832,1875.806773
1024,256,8,8,512,44,0,256,1.569228,0.844864,2541.809830
1024,256,8,16,512,44,0,512,1.376613,0.693248,3097.713558
1024,256,16,4,256,56,0,256,1.228163,0.694272,3093.144624
1024,256,16,8,256,50,0,512,0.957216,0.609280,3524.625267
1024,256,16,16,256,52,0,1024,0.869534,0.592896,3622.024273
1024,256,32,4,128,78,0,512,0.620272,0.618496,3472.105956
1024,256,32,8,128,65,0,1024,0.772550,0.601248,3571.710102
1024,256,32,16,128,65,0,2048,0.938467,0.581696,3691.762956
1024,256,64,4,64,104,0,1024,0.714864,0.711808,3016.942167
1024,256,64,8,64,104,0,2048,1.197498,0.670816,3201.300557
1024,256,64,16,64,104,0,4096,0.745098,0.611328,3512.817387
2048,64,8,4,8192,46,0,128,9.654153,8.380416,2050.001975
2048,64,8,8,8192,44,0,256,7.998926,7.185408,2390.938539
2048,64,8,16,8192,44,0,512,7.616242,8.566784,2005.404756
2048,64,16,4,4096,56,0,256,7.124168,6.582272,2610.021137
2048,64,16,8,4096,50,0,512,6.692250,6.379520,2692.972096
2048,64,16,16,4096,52,0,1024,5.261183,5.626816,3053.213364
2048,64,32,4,2048,78,0,512,6.018307,6.213632,2764.867454
2048,64,32,8,2048,65,0,1024,4.837278,5.339136,3217.724513
2048,64,32,16,2048,65,0,2048,5.072672,5.331968,3222.050419
2048,64,64,4,1024,104,0,1024,6.774371,6.396928,2685.643739
2048,64,64,8,1024,104,0,2048,6.390068,5.720064,3003.439943
2048,64,64,16,1024,104,0,4096,5.943912,5.564640,3087.328029
2048,128,8,4,4096,46,0,128,8.687697,9.171008,1873.280339
2048,128,8,8,4096,44,0,256,7.829615,7.871488,2182.544009
2048,128,8,16,4096,44,0,512,9.527435,8.190976,2097.414140
2048,128,16,4,2048,56,0,256,7.230439,6.937600,2476.341797
2048,128,16,8,2048,50,0,512,6.221269,6.361088,2700.775359
2048,128,16,16,2048,52,0,1024,6.358847,6.194176,2773.551904
2048,128,32,4,1024,78,0,512,5.855900,5.473280,3138.861767
2048,128,32,8,1024,65,0,1024,5.548395,5.175296,3319.591720
2048,128,32,16,1024,65,0,2048,5.447516,5.227520,3286.428215
2048,128,64,4,512,104,0,1024,7.707065,6.775008,2535.770980
2048,128,64,8,512,104,0,2048,5.514847,5.510144,3117.861975
2048,128,64,16,512,104,0,4096,5.722287,5.482496,3133.585480
2048,256,8,4,2048,46,0,128,8.815679,8.988672,1911.279964
2048,256,8,8,2048,44,0,256,7.633115,8.182784,2099.513933
2048,256,8,16,2048,44,0,512,7.782936,7.465984,2301.085763
2048,256,16,4,1024,56,0,256,8.176530,6.681600,2571.220807
2048,256,16,8,1024,50,0,512,5.123599,5.799936,2962.079189
2048,256,16,16,1024,52,0,1024,5.349062,5.704576,3011.594400
2048,256,32,4,512,78,0,512,5.339242,5.154560,3332.945758
2048,256,32,8,512,65,0,1024,4.918310,5.056512,3397.573188
2048,256,32,16,512,65,0,2048,4.656508,4.962304,3462.075033
2048,256,64,4,256,104,0,1024,6.498963,6.021120,2853.267993
2048,256,64,8,256,104,0,2048,5.511291,5.541888,3100.002824
2048,256,64,16,256,104,0,4096,4.689024,4.705280,3651.189688
4096,64,8,4,32768,46,0,128,95.817317,93.438972,1470.895386
4096,64,8,8,32768,44,0,256,91.919117,90.203133,1523.660537
4096,64,8,16,32768,44,0,512,91.933796,88.561661,1551.901266
4096,64,16,4,16384,56,0,256,65.065181,53.854111,2552.060588
4096,64,16,8,16384,50,0,512,51.714108,51.842049,2651.109612
4096,64,16,16,16384,52,0,1024,58.113292,57.943039,2371.966607
4096,64,32,4,8192,78,0,512,49.470085,48.950272,2807.726065
4096,64,32,8,8192,65,0,1024,44.863619,45.293568,3034.403351
4096,64,32,16,8192,65,0,2048,48.195699,49.445889,2779.583047
4096,64,64,4,4096,104,0,1024,51.433899,50.616287,2715.310841
4096,64,64,8,4096,104,0,2048,49.722859,49.795010,2760.094928
4096,64,64,16,4096,104,0,4096,49.729793,50.264065,2734.338221
4096,128,8,4,16384,46,0,128,78.466552,77.061119,1783.505808
4096,128,8,8,16384,44,0,256,77.634992,77.411331,1775.437153
4096,128,8,16,16384,44,0,512,87.053254,83.661827,1642.791680
4096,128,16,4,8192,56,0,256,55.302300,59.449345,2311.866587
4096,128,16,8,8192,50,0,512,58.199684,56.790016,2420.125274
4096,128,16,16,8192,52,0,1024,70.779369,56.549438,2430.421189
4096,128,32,4,4096,78,0,512,47.900979,45.860863,2996.868033
4096,128,32,8,4096,65,0,1024,46.670259,42.785793,3212.256753
4096,128,32,16,4096,65,0,2048,44.087099,46.599167,2949.386496
4096,128,64,4,2048,104,0,1024,51.818407,56.619007,2427.434893
4096,128,64,8,2048,104,0,2048,44.018914,44.567551,3083.834571
4096,128,64,16,2048,104,0,4096,46.882102,45.155327,3043.693028
4096,256,8,4,8192,46,0,128,81.776202,83.631104,1643.395193
4096,256,8,8,8192,44,0,256,79.323161,76.812286,1789.283459
4096,256,8,16,8192,44,0,512,88.754864,81.796097,1680.262981
4096,256,16,4,4096,56,0,256,61.975817,60.656639,2265.851777
4096,256,16,8,4096,50,0,512,52.555982,52.346622,2625.555327
4096,256,16,16,4096,52,0,1024,52.711567,51.542015,2666.542107
4096,256,32,4,2048,78,0,512,43.428775,42.071041,3266.830339
4096,256,32,8,2048,65,0,1024,44.765244,42.019840,3270.810948
4096,256,32,16,2048,65,0,2048,41.746370,43.074558,3190.722297
4096,256,64,4,1024,104,0,1024,47.787472,46.947327,2927.513945
4096,256,64,8,1024,104,0,2048,45.145826,46.675968,2944.533533
4096,256,64,16,1024,104,0,4096,40.804860,42.295296,3249.509222
8192,64,8,4,131072,46,0,128,774.210244,822.143005,1337.372721
8192,64,8,8,131072,44,0,256,641.943905,640.899048,1715.576941
8192,64,8,16,131072,44,0,512,615.998338,616.498169,1783.479146
8192,64,16,4,65536,56,0,256,476.557361,477.258759,2303.806076
8192,64,16,8,65536,50,0,512,453.404733,453.595001,2423.994146
8192,64,16,16,65536,52,0,1024,481.405808,483.439606,2274.351573
8192,64,32,4,32768,78,0,512,450.341555,449.343506,2446.928938
8192,64,32,8,32768,65,0,1024,395.474464,398.252045,2760.843648
8192,64,32,16,32768,65,0,2048,397.470762,400.549896,2745.005399
8192,64,64,4,16384,104,0,1024,421.884243,419.294067,2622.292356
8192,64,64,8,16384,104,0,2048,409.758321,410.379150,2679.258015
8192,64,64,16,16384,104,0,4096,407.592529,408.233978,2693.336876
8192,128,8,4,65536,46,0,128,772.386538,772.701233,1422.945352
8192,128,8,8,65536,44,0,256,647.770945,648.025085,1696.711520
8192,128,8,16,65536,44,0,512,571.619722,571.409424,1924.209826
8192,128,16,4,32768,56,0,256,482.269956,482.443146,2279.049122
8192,128,16,8,32768,50,0,512,439.710260,444.605438,2473.005351
8192,128,16,16,32768,52,0,1024,444.799244,448.245758,2452.921434
8192,128,32,4,16384,78,0,512,406.495822,395.294708,2781.498474
8192,128,32,8,16384,65,0,1024,349.575522,348.773376,3152.510203
8192,128,32,16,16384,65,0,2048,385.427303,387.269623,2839.137291
8192,128,64,4,8192,104,0,1024,427.303131,422.665222,2601.377095
8192,128,64,8,8192,104,0,2048,369.732642,369.619080,2974.715561
8192,128,64,16,8192,104,0,4096,357.474254,360.602631,3049.094861
8192,256,8,4,32768,46,0,128,745.149373,745.134155,1475.588818
8192,256,8,8,32768,44,0,256,642.716034,640.946167,1715.450820
8192,256,8,16,32768,44,0,512,576.141530,616.554382,1783.316540
8192,256,16,4,16384,56,0,256,555.740916,535.372925,2053.730357
8192,256,16,8,16384,50,0,512,440.811036,442.914825,2482.444851
8192,256,16,16,16384,52,0,1024,436.200713,441.191437,2492.141815
8192,256,32,4,8192,78,0,512,388.641832,385.567749,2851.669079
8192,256,32,8,8192,65,0,1024,357.681895,355.014648,3097.088057
8192,256,32,16,8192,65,0,2048,353.120822,349.490173,3146.044472
8192,256,64,4,4096,104,0,1024,386.643221,383.632202,2866.056660
8192,256,64,8,4096,104,0,2048,369.558722,369.610748,2974.782613
8192,256,64,16,4096,104,0,4096,336.304735,336.744537,3265.120903
